{"stats":{"minecraft:custom":{"lootr:looted_stat":74,"minecraft:mob_kills":5,"minecraft:interact_with_crafting_table":1,"minecraft:open_barrel":1,"minecraft:leave_game":2,"minecraft:time_since_death":126922,"minecraft:climb_one_cm":1052,"minecraft:time_since_rest":126922,"minecraft:waystone_activated":1,"minecraft:sprint_one_cm":271699,"minecraft:damage_taken":7986,"minecraft:walk_one_cm":68757,"minecraft:drop":53,"minecraft:damage_dealt":890,"minecraft:swim_one_cm":181273,"minecraft:fly_one_cm":454083,"minecraft:open_chest":1,"minecraft:crouch_one_cm":1799,"minecraft:play_time":126922,"minecraft:sneak_time":2227,"minecraft:walk_under_water_one_cm":6471,"minecraft:boat_one_cm":843081,"minecraft:jump":1711,"minecraft:walk_on_water_one_cm":6800,"minecraft:total_world_time":126922,"minecraft:fall_one_cm":75127,"minecraft:horse_one_cm":1518528},"minecraft:mined":{"minecraft:red_bed":1,"minecraft:soul_lantern":1,"minecraft:powder_snow":8,"minecraft:brewing_stand":1,"minecraft:oak_fence":1,"minecraft:grass_block":1,"minecraft:mushroom_stem":1,"minecraft:oak_planks":1,"minecraft:furnace":1,"minecraft:packed_mud":4,"minecraft:sand":2,"minecraft:spruce_slab":1},"minecraft:dropped":{"minecraft:sugar_cane":4,"minecraft:wheat_seeds":2,"alexsmobs:kangaroo_meat":2,"relics:jellyfish_necklace":1,"minecraft:cobblestone":20,"botania:purple_mystical_flower":1,"minecraft:leather":1,"everlastingabilities:ability_totem":1,"alexsmobs:kangaroo_hide":1,"minecraft:dirt":64,"minecraft:packed_mud":1,"mca:book_romance":1,"minecraft:andesite":7,"mysticalagriculture:inferium_essence":1,"minecraft:oak_sapling":1,"minecraft:beef":12,"immersiveengineering:seed":1},"minecraft:picked_up":{"minecraft:leather":5,"minecraft:andesite":7,"minecraft:packed_mud":4,"minecraft:tuff":5,"minecraft:brewing_stand":1,"minecraft:dirt":99,"minecraft:red_bed":1,"minecraft:wheat_seeds":2,"mysticalagriculture:inferium_essence":1,"botania:purple_mystical_flower":1,"everlastingabilities:ability_totem":2,"minecraft:beef":12,"minecraft:sugar_cane":4,"minecraft:iron_sword":1,"minecraft:oak_planks":1,"minecraft:iron_boots":1,"minecraft:furnace":1,"minecraft:stick":2,"minecraft:sand":3,"minecraft:oak_wood":24,"alexsmobs:kangaroo_hide":1,"immersiveengineering:seed":1,"minecraft:soul_lantern":1,"everlastingabilities:ability_bottle":1,"minecraft:baked_potato":32,"reliquary:witch_hat":1,"minecraft:oak_sapling":1,"alexsmobs:kangaroo_meat":2,"minecraft:cobblestone":23},"minecraft:killed":{"alexsmobs:seal":1,"alexsmobs:bison":1,"alexsmobs:kangaroo":1,"minecraft:cow":2},"minecraft:used":{"minecraft:iron_shovel":1,"minecraft:oak_planks":1,"minecraft:wooden_pickaxe":2,"minecraft:iron_sword":14,"minecraft:iron_chestplate":1,"minecraft:dirt":7,"minecraft:sand":3,"tombstone:scroll_of_feather_fall":3,"minecraft:crafting_table":1,"endrem:old_eye":1,"minecraft:wooden_axe":2,"minecraft:iron_axe":3,"minecraft:bread":1,"minecraft:iron_pickaxe":5,"minecraft:packed_mud":3,"tombstone:magic_scroll":9,"minecraft:iron_helmet":1,"minecraft:iron_boots":2,"minecraft:cobblestone":3,"minecraft:furnace":1,"minecraft:iron_leggings":1},"minecraft:crafted":{"sophisticatedbackpacks:gold_backpack":1,"minecraft:acacia_planks":4,"sophisticatedbackpacks:iron_backpack":1}},"DataVersion":3465}