{"stats":{"minecraft:custom":{"minecraft:time_since_rest":66922,"minecraft:sprint_one_cm":167269,"lootr:looted_stat":48,"minecraft:damage_taken":1027,"minecraft:walk_one_cm":39846,"minecraft:mob_kills":1,"minecraft:drop":15,"minecraft:damage_dealt":421,"minecraft:interact_with_crafting_table":1,"minecraft:swim_one_cm":3734,"minecraft:fly_one_cm":172571,"minecraft:open_barrel":1,"minecraft:open_chest":1,"minecraft:crouch_one_cm":1348,"minecraft:play_time":66922,"minecraft:sneak_time":803,"minecraft:walk_under_water_one_cm":2067,"minecraft:jump":731,"minecraft:leave_game":2,"minecraft:time_since_death":66922,"minecraft:walk_on_water_one_cm":2197,"minecraft:total_world_time":66922,"minecraft:climb_one_cm":988,"minecraft:fall_one_cm":37199,"minecraft:horse_one_cm":876755},"minecraft:mined":{"minecraft:furnace":1,"minecraft:red_bed":1,"minecraft:powder_snow":8,"minecraft:soul_lantern":1,"minecraft:brewing_stand":1,"minecraft:sand":2,"minecraft:mushroom_stem":1,"minecraft:oak_planks":1},"minecraft:dropped":{"minecraft:sugar_cane":4,"minecraft:wheat_seeds":2,"mysticalagriculture:inferium_essence":1,"minecraft:oak_sapling":1,"minecraft:beef":6,"immersiveengineering:seed":1},"minecraft:picked_up":{"minecraft:stick":2,"minecraft:sand":3,"minecraft:brewing_stand":1,"minecraft:red_bed":1,"minecraft:oak_wood":24,"mysticalagriculture:inferium_essence":1,"immersiveengineering:seed":1,"minecraft:wheat_seeds":2,"minecraft:soul_lantern":1,"minecraft:beef":6,"everlastingabilities:ability_totem":1,"everlastingabilities:ability_bottle":1,"minecraft:baked_potato":32,"minecraft:oak_sapling":1,"minecraft:sugar_cane":4,"minecraft:oak_planks":1,"minecraft:iron_sword":1,"minecraft:furnace":1,"minecraft:iron_boots":1},"minecraft:killed":{"alexsmobs:bison":1},"minecraft:used":{"minecraft:wooden_axe":2,"minecraft:iron_axe":1,"minecraft:bread":1,"minecraft:oak_planks":1,"minecraft:iron_pickaxe":1,"minecraft:iron_helmet":1,"minecraft:wooden_pickaxe":2,"minecraft:iron_sword":7,"minecraft:iron_boots":2,"minecraft:iron_chestplate":1,"minecraft:sand":3,"minecraft:crafting_table":1,"tombstone:scroll_of_feather_fall":3,"minecraft:furnace":1,"endrem:old_eye":1,"minecraft:iron_leggings":1},"minecraft:crafted":{"sophisticatedbackpacks:gold_backpack":1,"minecraft:acacia_planks":4,"sophisticatedbackpacks:iron_backpack":1}},"DataVersion":3465}