{"stats":{"minecraft:custom":{"minecraft:time_since_rest":30922,"minecraft:play_time":30922,"minecraft:crouch_one_cm":4,"lootr:looted_stat":1,"minecraft:sprint_one_cm":20531,"minecraft:damage_taken":150,"minecraft:walk_one_cm":10670,"minecraft:sneak_time":175,"minecraft:walk_under_water_one_cm":1842,"minecraft:drop":1,"minecraft:jump":182,"minecraft:leave_game":2,"minecraft:walk_on_water_one_cm":565,"minecraft:time_since_death":30922,"minecraft:total_world_time":30922,"minecraft:swim_one_cm":822,"minecraft:fall_one_cm":9822,"minecraft:fly_one_cm":40088},"minecraft:mined":{"minecraft:sand":2},"minecraft:dropped":{"minecraft:oak_sapling":1},"minecraft:picked_up":{"minecraft:stick":2,"minecraft:oak_wood":24,"minecraft:sand":3,"everlastingabilities:ability_bottle":1,"minecraft:oak_sapling":1},"minecraft:used":{"minecraft:wooden_axe":1,"minecraft:sand":3,"minecraft:bread":1}},"DataVersion":3465}