{"stats":{"minecraft:custom":{"minecraft:time_since_rest":114922,"minecraft:sprint_one_cm":228176,"lootr:looted_stat":61,"minecraft:damage_taken":7953,"minecraft:walk_one_cm":51549,"minecraft:mob_kills":3,"minecraft:drop":20,"minecraft:damage_dealt":568,"minecraft:interact_with_crafting_table":1,"minecraft:swim_one_cm":181273,"minecraft:fly_one_cm":367991,"minecraft:open_barrel":1,"minecraft:open_chest":1,"minecraft:crouch_one_cm":1756,"minecraft:play_time":114922,"minecraft:boat_one_cm":843081,"minecraft:sneak_time":2024,"minecraft:walk_under_water_one_cm":6471,"minecraft:jump":1385,"minecraft:leave_game":2,"minecraft:time_since_death":114922,"minecraft:walk_on_water_one_cm":6800,"minecraft:total_world_time":114922,"minecraft:climb_one_cm":988,"minecraft:fall_one_cm":65684,"minecraft:horse_one_cm":1518528},"minecraft:mined":{"minecraft:furnace":1,"minecraft:red_bed":1,"minecraft:powder_snow":8,"minecraft:soul_lantern":1,"minecraft:brewing_stand":1,"minecraft:grass_block":1,"minecraft:sand":2,"minecraft:mushroom_stem":1,"minecraft:oak_planks":1,"minecraft:spruce_slab":1},"minecraft:dropped":{"minecraft:sugar_cane":4,"minecraft:wheat_seeds":2,"mysticalagriculture:inferium_essence":1,"alexsmobs:kangaroo_meat":2,"minecraft:oak_sapling":1,"relics:jellyfish_necklace":1,"minecraft:beef":6,"everlastingabilities:ability_totem":1,"immersiveengineering:seed":1,"alexsmobs:kangaroo_hide":1},"minecraft:picked_up":{"minecraft:stick":2,"minecraft:sand":3,"minecraft:brewing_stand":1,"minecraft:red_bed":1,"minecraft:oak_wood":24,"alexsmobs:kangaroo_hide":1,"mysticalagriculture:inferium_essence":1,"immersiveengineering:seed":1,"minecraft:wheat_seeds":2,"minecraft:soul_lantern":1,"minecraft:beef":6,"everlastingabilities:ability_totem":2,"everlastingabilities:ability_bottle":1,"minecraft:baked_potato":32,"minecraft:oak_sapling":1,"alexsmobs:kangaroo_meat":2,"minecraft:sugar_cane":4,"minecraft:oak_planks":1,"minecraft:iron_sword":1,"minecraft:furnace":1,"minecraft:iron_boots":1},"minecraft:killed":{"alexsmobs:seal":1,"alexsmobs:bison":1,"alexsmobs:kangaroo":1},"minecraft:used":{"minecraft:wooden_axe":2,"minecraft:iron_shovel":1,"minecraft:iron_axe":2,"minecraft:bread":1,"minecraft:oak_planks":1,"minecraft:iron_pickaxe":1,"minecraft:iron_helmet":1,"minecraft:wooden_pickaxe":2,"minecraft:iron_sword":10,"minecraft:iron_boots":2,"minecraft:iron_chestplate":1,"minecraft:sand":3,"minecraft:crafting_table":1,"tombstone:scroll_of_feather_fall":3,"minecraft:furnace":1,"endrem:old_eye":1,"minecraft:iron_leggings":1},"minecraft:crafted":{"sophisticatedbackpacks:gold_backpack":1,"minecraft:acacia_planks":4,"sophisticatedbackpacks:iron_backpack":1}},"DataVersion":3465}