{"stats":{"minecraft:custom":{"minecraft:time_since_rest":54922,"minecraft:sprint_one_cm":98492,"lootr:looted_stat":48,"minecraft:damage_taken":336,"minecraft:walk_one_cm":30127,"minecraft:drop":1,"minecraft:interact_with_crafting_table":1,"minecraft:swim_one_cm":3734,"minecraft:fly_one_cm":116925,"minecraft:open_barrel":1,"minecraft:crouch_one_cm":417,"minecraft:play_time":54922,"minecraft:sneak_time":264,"minecraft:walk_under_water_one_cm":2067,"minecraft:jump":489,"minecraft:leave_game":2,"minecraft:time_since_death":54922,"minecraft:walk_on_water_one_cm":658,"minecraft:total_world_time":54922,"minecraft:climb_one_cm":988,"minecraft:fall_one_cm":18367,"minecraft:horse_one_cm":541262},"minecraft:mined":{"minecraft:furnace":1,"minecraft:red_bed":1,"minecraft:soul_lantern":1,"minecraft:sand":2,"minecraft:mushroom_stem":1},"minecraft:dropped":{"minecraft:oak_sapling":1},"minecraft:picked_up":{"minecraft:stick":2,"minecraft:sand":3,"minecraft:red_bed":1,"minecraft:oak_wood":24,"minecraft:soul_lantern":1,"everlastingabilities:ability_bottle":1,"minecraft:baked_potato":32,"minecraft:oak_sapling":1,"minecraft:iron_sword":1,"minecraft:furnace":1,"minecraft:iron_boots":1},"minecraft:used":{"minecraft:wooden_axe":2,"minecraft:bread":1,"minecraft:iron_helmet":1,"minecraft:wooden_pickaxe":2,"minecraft:iron_boots":2,"minecraft:iron_chestplate":1,"minecraft:sand":3,"minecraft:crafting_table":1,"tombstone:scroll_of_feather_fall":3,"minecraft:furnace":1,"endrem:old_eye":1,"minecraft:iron_leggings":1},"minecraft:crafted":{"minecraft:acacia_planks":4,"sophisticatedbackpacks:iron_backpack":1}},"DataVersion":3465}