{"stats":{"minecraft:dropped":{"minecraft:dirt":2,"minecraft:jungle_sapling":1,"minecraft:lilac":1,"immersiveengineering:seed":3},"minecraft:custom":{"minecraft:time_since_rest":6849,"lootr:looted_stat":1,"minecraft:crouch_one_cm":116,"minecraft:play_time":9584,"minecraft:sprint_one_cm":27281,"minecraft:deaths":1,"minecraft:damage_taken":630,"minecraft:walk_one_cm":9024,"minecraft:sneak_time":59,"minecraft:walk_under_water_one_cm":1113,"minecraft:drop":7,"minecraft:jump":267,"minecraft:walk_on_water_one_cm":1258,"minecraft:leave_game":5,"minecraft:time_since_death":8022,"minecraft:total_world_time":9584,"minecraft:swim_one_cm":2267,"minecraft:fall_one_cm":13287,"minecraft:fly_one_cm":75672},"minecraft:picked_up":{"minecraft:lilac":1,"immersiveengineering:seed":3,"everlastingabilities:ability_bottle":1,"minecraft:jungle_sapling":1,"minecraft:dirt":3},"minecraft:mined":{"minecraft:grass":2,"minecraft:grass_block":3,"minecraft:jungle_leaves":2},"minecraft:used":{"minecraft:dirt":1}},"DataVersion":3465}