{"stats":{"minecraft:custom":{"minecraft:open_barrel":1,"minecraft:time_since_rest":42922,"minecraft:play_time":42922,"minecraft:crouch_one_cm":4,"lootr:looted_stat":35,"minecraft:sprint_one_cm":74119,"minecraft:damage_taken":180,"minecraft:walk_one_cm":23842,"minecraft:sneak_time":175,"minecraft:walk_under_water_one_cm":2067,"minecraft:drop":1,"minecraft:jump":380,"minecraft:leave_game":2,"minecraft:walk_on_water_one_cm":658,"minecraft:time_since_death":42922,"minecraft:total_world_time":42922,"minecraft:swim_one_cm":3734,"minecraft:fall_one_cm":13987,"minecraft:fly_one_cm":88639,"minecraft:horse_one_cm":36255},"minecraft:mined":{"minecraft:furnace":1,"minecraft:red_bed":1,"minecraft:sand":2,"minecraft:mushroom_stem":1,"minecraft:soul_lantern":1},"minecraft:dropped":{"minecraft:oak_sapling":1},"minecraft:picked_up":{"minecraft:stick":2,"minecraft:oak_wood":24,"minecraft:soul_lantern":1,"minecraft:sand":3,"everlastingabilities:ability_bottle":1,"minecraft:baked_potato":32,"minecraft:oak_sapling":1,"minecraft:iron_sword":1,"minecraft:red_bed":1,"minecraft:furnace":1},"minecraft:used":{"minecraft:wooden_axe":2,"minecraft:sand":3,"tombstone:scroll_of_feather_fall":3,"minecraft:furnace":1,"minecraft:bread":1,"minecraft:wooden_pickaxe":2}},"DataVersion":3465}