{"stats":{"minecraft:broken":{"minecraft:wooden_axe":1},"minecraft:custom":{"lootr:looted_stat":67,"minecraft:mob_kills":3,"minecraft:interact_with_crafting_table":1,"minecraft:bell_ring":8,"minecraft:damage_dealt_resisted":5,"minecraft:leave_game":1,"minecraft:time_since_death":105109,"minecraft:climb_one_cm":1080,"minecraft:time_since_rest":105109,"minecraft:damage_absorbed":40,"minecraft:damage_taken":11002,"minecraft:sprint_one_cm":199607,"minecraft:walk_one_cm":78145,"minecraft:drop":26,"minecraft:damage_dealt":1100,"minecraft:swim_one_cm":119797,"minecraft:fly_one_cm":420519,"minecraft:open_chest":1,"minecraft:crouch_one_cm":4389,"minecraft:play_time":105109,"tombstone:undead_killed":2,"minecraft:sneak_time":1142,"minecraft:walk_under_water_one_cm":9227,"minecraft:boat_one_cm":861186,"minecraft:jump":1584,"minecraft:walk_on_water_one_cm":4415,"minecraft:total_world_time":105109,"minecraft:fall_one_cm":57207,"minecraft:inspect_dispenser":1,"minecraft:horse_one_cm":927683},"minecraft:mined":{"minecraft:red_wool":1,"minecraft:red_bed":1,"minecraft:soul_sand":1,"minecraft:kelp_plant":1,"minecraft:jungle_leaves":1,"minecraft:powder_snow":4,"minecraft:fire_coral":1,"minecraft:dead_bush":3,"minecraft:tall_grass":2,"minecraft:glass":1,"minecraft:prismarine":4,"minecraft:spawner":1,"minecraft:tall_seagrass":1,"minecraft:stone_brick_stairs":2,"minecraft:grass":9,"minecraft:lantern":1,"minecraft:sand":3,"minecraft:stone_bricks":8,"minecraft:oak_leaves":3,"minecraft:redstone_lamp":1},"minecraft:dropped":{"minecraft:bread":9,"minecraft:wolf_spawn_egg":1,"minecraft:iron_sword":1,"minecraft:baked_potato":64,"alexsmobs:animal_dictionary":1,"minecraft:feather":1,"minecraft:iron_boots":1,"tht:b_9block":1,"minecraft:red_wool":1,"everlastingabilities:ability_totem":1,"scalinghealth:power_crystal_shard":1,"minecraft:stick":6,"ars_nouveau:worn_notebook":1,"minecraft:iron_chestplate":1,"mysticalagriculture:inferium_essence":1,"minecraft:oak_sapling":9,"immersiveengineering:seed":1},"minecraft:picked_up":{"minecraft:feather":1,"minecraft:redstone_lamp":1,"paraglider:spirit_orb":2,"minecraft:stone_brick_stairs":2,"minecraft:oak_log":24,"scalinghealth:heart_crystal":1,"minecraft:red_bed":1,"minecraft:lantern":1,"dungeonnowloading:spawner_fragment":3,"minecraft:stone_bricks":8,"mysticalagriculture:inferium_essence":1,"everlastingabilities:ability_totem":1,"minecraft:oak_boat":2,"scalinghealth:power_crystal_shard":1,"minecraft:spruce_slab":1,"tht:b_9block":1,"minecraft:sugar_cane":1,"minecraft:soul_sand":1,"minecraft:stick":8,"endrem:old_eye":1,"minecraft:red_wool":1,"minecraft:sand":2,"minecraft:oak_wood":23,"immersiveengineering:seed":1,"everlastingabilities:ability_bottle":1,"minecraft:wolf_spawn_egg":1,"minecraft:baked_potato":32,"minecraft:oak_sapling":9},"minecraft:killed":{"difficult_spawners:evil_spirit":1,"ars_elemental:summon_skelehorse":1,"alexsmobs:roadrunner":1},"minecraft:used":{"tombstone:scroll_of_knowledge":1,"minecraft:leather_leggings":1,"minecraft:stone_pickaxe":13,"minecraft:oak_planks":73,"minecraft:leather_chestplate":1,"minecraft:iron_sword":22,"minecraft:sugar_cane":1,"minecraft:iron_chestplate":2,"minecraft:golden_apple":1,"endrem:magical_eye":1,"minecraft:sand":2,"minecraft:crafting_table":1,"minecraft:wooden_axe":1,"minecraft:bread":1,"minecraft:iron_pickaxe":10,"minecraft:iron_helmet":1,"minecraft:iron_boots":2,"minecraft:stone_brick_stairs":2,"minecraft:stone_bricks":8,"travelersbackpack:standard":2,"minecraft:oak_boat":2},"minecraft:crafted":{"minecraft:crafting_table":1,"minecraft:oak_boat":1}},"DataVersion":3465}