{"stats":{"minecraft:broken":{"minecraft:wooden_axe":1},"minecraft:custom":{"minecraft:time_since_rest":45109,"minecraft:walk_one_cm":54313,"minecraft:sprint_one_cm":106638,"lootr:looted_stat":55,"minecraft:damage_taken":510,"minecraft:damage_absorbed":40,"minecraft:mob_kills":3,"minecraft:drop":14,"minecraft:damage_dealt":698,"minecraft:swim_one_cm":7208,"minecraft:fly_one_cm":170436,"minecraft:crouch_one_cm":3336,"minecraft:play_time":45109,"tombstone:undead_killed":2,"minecraft:bell_ring":8,"minecraft:sneak_time":741,"minecraft:walk_under_water_one_cm":678,"minecraft:jump":783,"minecraft:leave_game":1,"minecraft:time_since_death":45109,"minecraft:walk_on_water_one_cm":1410,"minecraft:climb_one_cm":1080,"minecraft:total_world_time":45109,"minecraft:fall_one_cm":26922,"minecraft:horse_one_cm":155400},"minecraft:mined":{"minecraft:red_bed":1,"minecraft:jungle_leaves":1,"minecraft:fire_coral":1,"minecraft:stone_brick_stairs":2,"minecraft:grass":2,"minecraft:dead_bush":3,"minecraft:lantern":1,"minecraft:sand":3,"minecraft:stone_bricks":8,"minecraft:oak_leaves":3,"minecraft:spawner":1},"minecraft:dropped":{"minecraft:iron_sword":1,"minecraft:wolf_spawn_egg":1,"ars_nouveau:worn_notebook":1,"minecraft:baked_potato":64,"alexsmobs:animal_dictionary":1,"minecraft:iron_chestplate":1,"mysticalagriculture:inferium_essence":1,"minecraft:oak_sapling":9,"minecraft:feather":1,"minecraft:iron_boots":1,"tht:b_9block":1,"scalinghealth:power_crystal_shard":1,"minecraft:stick":6},"minecraft:picked_up":{"endrem:old_eye":1,"minecraft:feather":1,"minecraft:stick":8,"minecraft:sand":2,"paraglider:spirit_orb":2,"minecraft:stone_brick_stairs":2,"minecraft:oak_log":24,"scalinghealth:heart_crystal":1,"minecraft:red_bed":1,"minecraft:lantern":1,"minecraft:oak_wood":23,"dungeonnowloading:spawner_fragment":3,"minecraft:stone_bricks":8,"mysticalagriculture:inferium_essence":1,"scalinghealth:power_crystal_shard":1,"everlastingabilities:ability_bottle":1,"minecraft:wolf_spawn_egg":1,"minecraft:baked_potato":32,"tht:b_9block":1,"minecraft:oak_sapling":9,"minecraft:sugar_cane":1},"minecraft:killed":{"difficult_spawners:evil_spirit":1,"ars_elemental:summon_skelehorse":1,"alexsmobs:roadrunner":1},"minecraft:used":{"tombstone:scroll_of_knowledge":1,"minecraft:wooden_axe":1,"minecraft:leather_leggings":1,"minecraft:bread":1,"minecraft:stone_pickaxe":13,"minecraft:oak_planks":40,"minecraft:iron_helmet":1,"minecraft:leather_chestplate":1,"minecraft:iron_sword":11,"minecraft:iron_boots":2,"minecraft:sugar_cane":1,"minecraft:stone_brick_stairs":2,"minecraft:stone_bricks":8,"minecraft:iron_chestplate":2,"minecraft:golden_apple":1,"endrem:magical_eye":1,"minecraft:sand":2}},"DataVersion":3465}