{"stats":{"minecraft:broken":{"minecraft:wooden_axe":1},"minecraft:custom":{"minecraft:time_since_rest":33109,"minecraft:walk_one_cm":40922,"minecraft:sprint_one_cm":73163,"lootr:looted_stat":42,"minecraft:damage_taken":233,"minecraft:damage_absorbed":40,"minecraft:mob_kills":2,"minecraft:drop":11,"minecraft:damage_dealt":152,"minecraft:swim_one_cm":7208,"minecraft:fly_one_cm":131631,"minecraft:crouch_one_cm":3254,"minecraft:play_time":33109,"tombstone:undead_killed":1,"minecraft:bell_ring":8,"minecraft:sneak_time":708,"minecraft:walk_under_water_one_cm":678,"minecraft:jump":600,"minecraft:leave_game":1,"minecraft:time_since_death":33109,"minecraft:walk_on_water_one_cm":900,"minecraft:total_world_time":33109,"minecraft:fall_one_cm":21083},"minecraft:mined":{"minecraft:red_bed":1,"minecraft:fire_coral":1,"minecraft:stone_brick_stairs":2,"minecraft:grass":2,"minecraft:dead_bush":3,"minecraft:lantern":1,"minecraft:sand":3,"minecraft:stone_bricks":8,"minecraft:spawner":1},"minecraft:dropped":{"minecraft:iron_sword":1,"minecraft:wolf_spawn_egg":1,"ars_nouveau:worn_notebook":1,"minecraft:baked_potato":64,"alexsmobs:animal_dictionary":1,"mysticalagriculture:inferium_essence":1,"minecraft:oak_sapling":9,"minecraft:feather":1,"scalinghealth:power_crystal_shard":1,"minecraft:stick":6},"minecraft:picked_up":{"minecraft:feather":1,"minecraft:stick":8,"minecraft:sand":2,"paraglider:spirit_orb":2,"minecraft:stone_brick_stairs":2,"minecraft:oak_log":24,"scalinghealth:heart_crystal":1,"minecraft:red_bed":1,"minecraft:lantern":1,"minecraft:oak_wood":23,"dungeonnowloading:spawner_fragment":3,"minecraft:stone_bricks":8,"mysticalagriculture:inferium_essence":1,"scalinghealth:power_crystal_shard":1,"everlastingabilities:ability_bottle":1,"minecraft:wolf_spawn_egg":1,"minecraft:baked_potato":32,"minecraft:oak_sapling":9},"minecraft:killed":{"difficult_spawners:evil_spirit":1,"alexsmobs:roadrunner":1},"minecraft:used":{"tombstone:scroll_of_knowledge":1,"minecraft:wooden_axe":1,"minecraft:bread":1,"minecraft:stone_pickaxe":13,"minecraft:oak_planks":35,"minecraft:leather_chestplate":1,"minecraft:iron_sword":4,"minecraft:iron_boots":1,"minecraft:stone_brick_stairs":2,"minecraft:stone_bricks":8,"minecraft:iron_chestplate":1,"minecraft:golden_apple":1,"minecraft:sand":2}},"DataVersion":3465}