{"stats":{"minecraft:broken":{"minecraft:wooden_axe":1},"minecraft:custom":{"lootr:looted_stat":79,"minecraft:mob_kills":7,"minecraft:interact_with_crafting_table":1,"minecraft:bell_ring":8,"minecraft:damage_dealt_resisted":5,"minecraft:leave_game":1,"minecraft:time_since_death":117109,"minecraft:climb_one_cm":1080,"minecraft:time_since_rest":117109,"minecraft:waystone_activated":1,"minecraft:damage_absorbed":40,"minecraft:damage_taken":11150,"minecraft:sprint_one_cm":229979,"minecraft:walk_one_cm":98356,"minecraft:drop":53,"minecraft:damage_dealt":1761,"minecraft:swim_one_cm":119797,"minecraft:fly_one_cm":507673,"minecraft:open_chest":1,"minecraft:crouch_one_cm":5419,"minecraft:play_time":117109,"tombstone:undead_killed":2,"minecraft:sneak_time":1343,"minecraft:walk_under_water_one_cm":9227,"minecraft:boat_one_cm":861186,"minecraft:jump":1903,"minecraft:walk_on_water_one_cm":4597,"minecraft:total_world_time":117109,"minecraft:fall_one_cm":68061,"minecraft:inspect_dispenser":1,"minecraft:horse_one_cm":927683},"minecraft:mined":{"minecraft:red_wool":1,"minecraft:red_bed":1,"minecraft:soul_sand":1,"minecraft:kelp_plant":1,"minecraft:jungle_leaves":1,"minecraft:powder_snow":4,"minecraft:fire_coral":1,"minecraft:grass_block":1,"minecraft:dead_bush":3,"minecraft:tall_grass":5,"minecraft:glass":1,"minecraft:prismarine":4,"minecraft:spawner":1,"minecraft:tall_seagrass":1,"minecraft:stone_brick_stairs":2,"minecraft:grass":10,"minecraft:lantern":1,"minecraft:loom":1,"minecraft:sand":3,"minecraft:stone_bricks":8,"minecraft:oak_leaves":3,"minecraft:redstone_lamp":1},"minecraft:dropped":{"minecraft:bread":9,"minecraft:wolf_spawn_egg":1,"minecraft:iron_sword":1,"minecraft:soul_sand":1,"minecraft:baked_potato":64,"alexsmobs:animal_dictionary":1,"scalinghealth:cursed_heart":1,"minecraft:tuff":2,"minecraft:diorite_stairs":2,"minecraft:feather":1,"minecraft:cobblestone":1,"minecraft:iron_boots":1,"minecraft:mangrove_door":1,"tht:b_9block":1,"minecraft:red_wool":1,"everlastingabilities:ability_totem":1,"scalinghealth:power_crystal_shard":9,"minecraft:stick":6,"minecraft:dirt":60,"ars_nouveau:worn_notebook":1,"mca:book_romance":1,"minecraft:diorite":1,"reliquary:witch_hat":1,"minecraft:dark_oak_trapdoor":5,"minecraft:iron_chestplate":2,"minecraft:andesite":5,"mysticalagriculture:inferium_essence":1,"minecraft:oak_sapling":9,"minecraft:iron_bars":4,"minecraft:beef":5,"minecraft:calcite":1,"immersiveengineering:seed":2,"minecraft:polished_deepslate":3},"minecraft:picked_up":{"minecraft:feather":1,"minecraft:andesite":5,"minecraft:redstone_lamp":1,"minecraft:leather":3,"paraglider:spirit_orb":2,"minecraft:tuff":2,"minecraft:stone_brick_stairs":2,"minecraft:oak_log":24,"scalinghealth:heart_crystal":1,"minecraft:polished_deepslate":3,"minecraft:diorite_stairs":2,"minecraft:dark_oak_trapdoor":5,"minecraft:dirt":102,"minecraft:red_bed":1,"minecraft:lantern":1,"dungeonnowloading:spawner_fragment":3,"minecraft:stone_bricks":8,"mysticalagriculture:inferium_essence":1,"minecraft:beef":5,"everlastingabilities:ability_totem":1,"minecraft:oak_boat":2,"scalinghealth:power_crystal_shard":9,"minecraft:calcite":1,"minecraft:spruce_slab":1,"tht:b_9block":1,"minecraft:sugar_cane":1,"minecraft:soul_sand":1,"minecraft:stick":8,"endrem:old_eye":1,"minecraft:oak_fence":1,"minecraft:red_wool":1,"minecraft:sand":2,"minecraft:diorite":1,"minecraft:loom":1,"minecraft:oak_wood":23,"immersiveengineering:seed":2,"everlastingabilities:ability_bottle":1,"scalinghealth:cursed_heart":1,"minecraft:wolf_spawn_egg":1,"minecraft:mangrove_door":1,"minecraft:baked_potato":32,"minecraft:oak_sapling":9,"minecraft:iron_bars":4,"minecraft:cobblestone":3},"minecraft:killed":{"difficult_spawners:evil_spirit":1,"ars_elemental:summon_skelehorse":1,"alexsmobs:roadrunner":1,"minecraft:cow":4},"minecraft:used":{"minecraft:oak_fence":1,"tombstone:scroll_of_knowledge":1,"minecraft:leather_leggings":1,"minecraft:stone_pickaxe":13,"minecraft:oak_planks":73,"minecraft:leather_chestplate":1,"minecraft:iron_sword":36,"minecraft:sugar_cane":1,"minecraft:iron_chestplate":2,"minecraft:golden_apple":1,"minecraft:dirt":42,"endrem:magical_eye":1,"minecraft:sand":2,"minecraft:crafting_table":1,"minecraft:loom":1,"minecraft:wooden_axe":1,"minecraft:bread":1,"minecraft:iron_pickaxe":10,"minecraft:iron_helmet":2,"minecraft:iron_boots":2,"minecraft:stone_brick_stairs":2,"minecraft:stone_bricks":8,"minecraft:diamond_chestplate":1,"travelersbackpack:standard":4,"reliquary:witch_hat":2,"minecraft:oak_boat":2},"minecraft:crafted":{"minecraft:crafting_table":1,"minecraft:oak_boat":1}},"DataVersion":3465}