{"stats":{"minecraft:broken":{"minecraft:wooden_axe":1},"minecraft:custom":{"minecraft:time_since_rest":21109,"minecraft:walk_one_cm":22101,"minecraft:sprint_one_cm":32144,"lootr:looted_stat":6,"minecraft:damage_taken":173,"minecraft:damage_absorbed":40,"minecraft:mob_kills":1,"minecraft:drop":5,"minecraft:damage_dealt":72,"minecraft:swim_one_cm":526,"minecraft:fly_one_cm":73714,"minecraft:crouch_one_cm":3238,"minecraft:play_time":21109,"tombstone:undead_killed":1,"minecraft:sneak_time":569,"minecraft:walk_under_water_one_cm":187,"minecraft:jump":333,"minecraft:leave_game":1,"minecraft:time_since_death":21109,"minecraft:walk_on_water_one_cm":48,"minecraft:total_world_time":21109,"minecraft:fall_one_cm":15183},"minecraft:mined":{"minecraft:grass":1,"minecraft:dead_bush":3,"minecraft:sand":3,"minecraft:spawner":1},"minecraft:dropped":{"ars_nouveau:worn_notebook":1,"alexsmobs:animal_dictionary":1,"mysticalagriculture:inferium_essence":1,"minecraft:oak_sapling":9,"minecraft:stick":6},"minecraft:picked_up":{"minecraft:stick":8,"minecraft:sand":2,"paraglider:spirit_orb":2,"minecraft:oak_log":24,"scalinghealth:heart_crystal":1,"minecraft:oak_wood":23,"mysticalagriculture:inferium_essence":1,"everlastingabilities:ability_bottle":1,"minecraft:oak_sapling":9},"minecraft:killed":{"difficult_spawners:evil_spirit":1},"minecraft:used":{"minecraft:wooden_axe":1,"minecraft:bread":1,"minecraft:stone_pickaxe":1,"minecraft:oak_planks":35,"minecraft:iron_sword":2,"minecraft:golden_apple":1,"minecraft:sand":2}},"DataVersion":3465}