{"stats":{"minecraft:picked_up":{"everlastingabilities:ability_bottle":1,"minecraft:dirt":1},"minecraft:used":{"minecraft:dirt":1},"minecraft:custom":{"minecraft:jump":19,"minecraft:time_since_rest":897,"minecraft:leave_game":1,"minecraft:sprint_one_cm":1384,"minecraft:play_time":897,"minecraft:damage_taken":40,"minecraft:time_since_death":897,"minecraft:walk_one_cm":1758,"minecraft:total_world_time":5879,"minecraft:fall_one_cm":808,"minecraft:fly_one_cm":1434},"minecraft:mined":{"minecraft:grass_block":1,"minecraft:birch_leaves":1}},"DataVersion":3465}